施設名,場所,初心者におすすめのポイント,サウナの温度,水風呂の温度,外気浴の椅子の数,サウナ飯,料金,営業時間,定休日,スッキリの種類,,
ニコーリフレ,札幌市中央区,サウナ室の湿度が高く、初心者でも呼吸がしやすい。ロウリュやアウフグースも頻繁に行われ、サウナの楽しさを存分に体験できる。女性専用スペースもある。,高い (約100℃),普通 (約16℃),多数,豊富,"2,750円〜",24時間営業,なし,身体,,
スパ サフロ,札幌市中央区,,普通〜高い (複数種類),普通 (約17℃),多数,豊富,"1,800円〜",24時間営業,なし,心,,
定山渓万世閣ホテルミリオーネ,札幌市南区,様々な種類のサウナが楽しめる。特にミストサウナやハーブサウナは温度が低めで、サウナ初心者でも無理なく身体を温められる。休憩スペースも充実。,普通 (約80℃),普通,多数,豊富,"2,000円〜 (日帰り)",12:00〜21:00,なし,感覚的,,
仙台サウナ,宮城県仙台市,仙台駅から徒歩圏内でアクセスが良い。コンパクトな施設で、清潔感があり、初めてでも利用しやすい。スタッフの対応も丁寧。,高い,普通 (約15℃),少数,軽食、ドリンク,"1,500円〜",15:00〜翌1:00,なし,身体,,
八幡平マウンテンホテル サウナ,岩手県八幡平市,大自然に囲まれた絶景サウナで、非日常的な体験ができる。サウナ後の外気浴で大自然の空気を吸い込む体験は格別。,普通 (約80℃),普通 (源泉),多数,豊富 (ホテル内レストラン),"1,000円〜 (日帰り)",12:00〜19:00,不定休,心,,
やまびこ温泉,福島県福島市,昔ながらの温泉施設で、地元の方に愛される温かい雰囲気が魅力。サウナと温泉の両方を楽しめるため、初心者でも無理なく身体を温められる。,普通,普通,少数,豊富,700円〜,9:00〜21:00,第3水曜日,身体,,
サウナ＆カプセル キュア国分町,宮城県仙台市,複数のサウナと水風呂があり、自分の好みに合わせて楽しめる。リクライニングチェアが充実しており、サウナ後の休憩も快適。,高い (約100℃),普通 (約15℃),多数,豊富,"1,500円〜",24時間営業,なし,感覚的,,
常総ONSEN&SAUNA お湯むすび,茨城県常総市,,高い (約100℃),普通 (約15.2℃),多数,豊富,980円~,10:00〜23:00,なし,感覚的,,
お風呂カフェ bivouac,埼玉県熊谷市,サウナだけでなく、カフェや漫画、ハンモックなどがあり、長時間ゆったりと過ごせる。サウナの合間も楽しめるので、初心者におすすめ。,普通〜高い (複数種類),普通 (約16℃),多数,豊富,"1,300円〜",24時間営業,なし,心,,
スパロイヤル川越,埼玉県川越市,温泉とサウナが充実しており、広々とした空間でリラックスできる。初心者でも入りやすい温度設定のサウナが複数ある。,普通 (約80℃),普通 (約16℃),多数,豊富,850円〜,9:00〜翌1:00,不定休,心,,
アクアスノー,栃木県那須塩原市,サウナ後のクールダウンに「スノーサウナ」（雪が降る部屋）があるのが特徴。水風呂が苦手な初心者でもクールダウンできる。,普通〜高い,少数,多数,豊富,700円〜,10:00〜22:00,不定休,感覚的,,
サウナ室の香り,栃木県宇都宮市,旅館の一室を改装した完全予約制の個室サウナ。他の利用客を気にせず、自分のペースでサウナを楽しめるため、初心者でも気楽に利用できる。,普通〜高い,-,-,軽食、ドリンク,"4,000円〜",10:00〜22:00,なし,心,,
お風呂カフェ bivouac,埼玉県熊谷市,サウナだけでなく、カフェや漫画、ハンモックなどがあり、長時間ゆったりと過ごせる。サウナ初心者でも無理なく楽しめるリラックス空間。,普通〜高い (複数種類),普通 (約16℃),多数,豊富,"1,300円〜",24時間営業,なし,心,,
スパロイヤル川越,埼玉県川越市,温泉とサウナが充実しており、広々とした空間でリラックスできる。初心者でも入りやすい温度設定のサウナが複数ある。,普通 (約80℃),普通 (約16℃),多数,豊富,850円〜,9:00〜翌1:00,不定休,心,,
湯乃泉 草加健康センター,埼玉県草加市,サウナ好きの間では「聖地」として有名だが、清潔感があり、初心者でも安心して利用できる。温度の違う水風呂があり、自分の好みに合わせて選べる。,高い (約100℃),"普通〜ぬるめ (約17℃, 25℃)",多数,豊富,"1,600円〜",24時間営業,不定休,感覚的,,
武蔵野温泉 なごみ,埼玉県さいたま市,広々とした温泉施設で、露天風呂も楽しめる。サウナは温度設定がマイルドで、ゆったりと過ごしたい初心者におすすめ。,普通 (約80℃),普通 (約16℃),多数,豊富,800円〜,10:00〜23:00,不定休,心,,
船橋グランピング温泉 湯楽の里,千葉県船橋市,広々とした露天スペースに、グランピング気分を味わえる外気浴エリアがある。水風呂も冷たすぎず、初心者でもじっくり楽しめる。,高い (約90℃),普通 (約16℃),多数,豊富,800円〜,9:00〜24:00,不定休,感覚的,,
スパ＆リゾート九十九里 太陽の里,千葉県長生郡,複数の種類のサウナと温泉があり、飽きずに楽しめる。リゾート気分で非日常を味わいたい初心者におすすめ。,普通〜高い (複数種類),普通〜ぬるめ,多数,豊富,"2,100円〜",24時間営業,なし,心,,
湯けむり横丁 おおみや,千葉県千葉市,昔懐かしいレトロな雰囲気の温泉施設。サウナも本格的で、初心者がサウナの基本を体験するのに最適な場所。,高い (約90℃),普通 (約17℃),多数,豊富,700円〜,10:00〜24:00,なし,身体,,
リゾート&スパ 舞浜ユーラシア,千葉県浦安市,東京ディズニーリゾートの近くにあり、観光のついでにも立ち寄れる。開放的な露天風呂やサウナが複数あり、リラックスできる。,普通〜高い (複数種類),普通 (約16℃),多数,豊富,"2,200円〜",24時間営業,不定休,心,,
黄金湯,墨田区錦糸町,伝統的な銭湯で、サウナや水風呂が清潔で入りやすい。水風呂は冷たすぎず、初心者でもじっくりと入れる。,高い(約99℃),普通(約15℃),多数,軽食、ドリンク,銭湯料金＋サウナ代,15:00〜翌1:30,第2・4月曜日,感覚的,,礼 サウナ 全国版.xlsx - サウナ.csv
スパ ラクーア,文京区後楽園,都心にありながら広々としており、複数の種類のサウナや温浴施設で、無理なく楽しめる。外気浴スペースも充実。,普通〜高い (複数種類),普通(約16℃),多数,豊富,"3,285円〜",11:00〜翌9:00,不定休,心,,
松本湯,中野区東中野,銭湯価格で利用でき、コスパが良い。水風呂が「ぬるめ」と「しっかり冷たい」の2種類あり、冷たいのが苦手な初心者でも安心。,高い,ぬるめと普通 (2種類),多数,軽食、ドリンク,銭湯料金＋サウナ代,"平日・土曜14:00～24:00
日曜8:00〜12:00, 15:00〜24:00",木曜日,身体,,
SaunaLab Kanda,千代田区神田,予約制で人数が制限されており、落ち着いて利用できる。おしゃれな内装で、女性や初心者でも入りやすい雰囲気。,普通,普通,多数,-,"2,700円〜",11:00〜21:00,なし,心,,
前野原温泉 さやの湯処,板橋区前野町,庭園のある和風な空間でリラックスできる。サウナの温度がマイルドで、井戸水を使った水風呂は肌触りが柔らかい。,普通(約80〜90℃),ぬるい(井戸水),多数,豊富,890円〜（平日）,10:00〜25:00,不定休,心,,
ソロサウナtune,新宿区天神町,完全個室なので、他の人の目を気にせず、自分のペースでサウナを楽しめる。ロウリュも自分でできるので初心者でも挑戦しやすい。,高い,-,-,-,"3,800円〜",7:50〜23:25,不定休,心,,
渋谷SAUNAS,渋谷区恵比寿西,9つのサウナがあり、様々な種類を試すことができる。自分の好みのサウナを見つけたい初心者におすすめ。,普通〜高い (複数種類),普通〜シングル (複数種類),多数,豊富,"2,800円〜",24時間営業,なし,感覚的,,
泉天空の湯 有明ガーデン,江東区有明,温泉施設が充実しており、サウナ以外の楽しみも多い。広々とした空間でゆったりと過ごせる。,普通〜高い (複数種類),普通(約17℃),多数,豊富,"1,800円〜",24時間営業,なし,身体,,
スカイスパYOKOHAMA,横浜市西区,横浜の夜景を一望できるロケーションが最大の魅力。清潔で落ち着いた雰囲気で、初心者でも安心してサウナを楽しめる。,普通〜高い (複数種類),普通 (約16℃),多数,豊富,"2,800円〜",24時間営業,不定休,心,,
横浜みなとみらい 万葉倶楽部,横浜市中区,大規模な温泉施設で、様々な種類の風呂や休憩スペースがある。サウナだけでなく、他の施設も充実しているため、初心者でも飽きずに楽しめる。,普通 (約85℃),普通 (約18℃),多数,豊富,"2,750円〜",24時間営業,なし,身体,,
江の島アイランドスパ,藤沢市江の島,目の前に広がる相模湾を眺めながらサウナを楽しめる非日常的な空間。リゾート気分でサウナ体験をしたい初心者におすすめ。,普通 (約80℃),普通 (約16℃),多数,豊富,"2,750円〜",10:00〜22:00,不定休,感覚的,,
天然温泉 湯花楽,秦野市平沢,温泉とサウナが併設されており、自然の中でゆったりと過ごせる。ロウリュサービスもあり、本格的なサウナ体験もできる。,普通 (約85℃),普通 (約17℃),多数,豊富,800円〜,10:00〜23:00,不定休,身体,,
ウェルビー栄,愛知県名古屋市,フィンランドサウナやアイスサウナなど、複数のユニークなサウナを体験できる。様々なサウナを試しながら、自分好みの入り方を見つけたい初心者におすすめ。,普通〜高い (複数種類),シングル〜普通,多数,豊富,"1,800円〜",24時間営業,不定休,感覚的,,
サウナしきじ,静岡県静岡市,日本で最も有名なサウナの一つ。地下天然水を使った水風呂は肌触りが柔らかく、水風呂が苦手な初心者でも入りやすいと評判。,普通 (約80℃),ぬるめ (約18℃),多数,豊富,"1,400円〜",24時間営業,不定休,身体,,
ウェルビー今池,愛知県名古屋市,ウェルビー栄に比べて比較的落ち着いた雰囲気。本格的なロウリュと、冷たすぎない水風呂のバランスが良く、初心者でも「ととのう」を体験しやすい。,高い (約100℃),普通 (約16℃),多数,豊富,"1,600円〜",24時間営業,不定休,心,,
名古屋クラウンホテル,愛知県名古屋市,ホテル内のスパで、清潔感が抜群。サウナはそこまで熱くなく、ゆったりと過ごせる。宿泊ついでにサウナを楽しみたい初心者にも最適。,普通 (約80℃),普通 (約18℃),少数,豊富 (ホテル内レストラン),"1,500円〜",15:00〜23:00,なし,心,,
大垣サウナ,富山県富山市,サウナ好きの間では「聖地」と呼ばれるほど有名。初心者でも常連客が優しく教えてくれる雰囲気があり、本格的なサウナ体験ができる。,高い (約100℃),普通 (約16℃),多数,豊富,"1,400円〜",24時間営業,なし,身体,,
スパ・リフレ,富山県富山市,広々とした空間に、複数のサウナや温浴施設があり、初心者でも飽きずに楽しめる。清潔感があり、女性専用エリアも充実。,普通〜高い (複数種類),普通〜ぬるめ (複数種類),多数,豊富,"1,600円〜",24時間営業,不定休,心,,
ルネスかなざわ,石川県金沢市,落ち着いた雰囲気で、ゆったりとサウナを楽しみたい初心者におすすめ。水風呂も心地よい温度で、初心者でも無理なくととのうことができる。,高い (約95℃),普通 (約17℃),多数,豊富,"1,600円〜",10:00〜翌9:00,不定休,心,,
スカイホテルフジモト,福井県福井市,ホテル内のスパで、清潔感が抜群。サウナ後の休憩スペースも快適で、サウナ初心者でもリラックスして過ごせる。,普通 (約80℃),普通 (約18℃),少数,豊富 (ホテル内レストラン),"1,000円〜",15:00〜23:00,なし,身体,,
大東洋,大阪府大阪市,広々とした空間に、複数のサウナと水風呂があるため、自分のペースで楽しめる。特に女性施設はアメニティが充実しており、初心者でも安心。,普通〜高い (複数種類),普通 (約18℃),多数,豊富,"2,400円〜",24時間営業,不定休,感覚的,,
神戸サウナ＆スパ,兵庫県神戸市,創業50年以上の歴史ある施設だが、清潔感が抜群。複数のサウナと温泉、充実した休憩スペースがあり、じっくりとサウナ体験をしたい初心者におすすめ。,高い (約100℃),普通 (約17℃),多数,豊富,"2,500円〜",24時間営業,なし,身体,,
都サウナ,京都府京都市,昔ながらの銭湯の趣を残しつつ、サウナや水風呂が現代的にリニューアルされている。レトロな雰囲気の中で、気負わずにサウナを楽しめる。,高い,普通 (約16℃),少数,軽食、ドリンク,500円 + サウナ代,15:00〜23:00,金曜日,心,,
湯あそびひろば 華の湯,滋賀県守山市,広々とした温泉施設で、様々な種類の風呂とサウナが楽しめる。サウナ後の外気浴スペースも充実しており、初めてでも心身ともにリラックスできる。,普通 (約85℃),普通 (約16℃),多数,豊富,"1,100円〜",10:00〜24:00,なし,身体,,
サウナ＆カプセルホテル ニュージャパンEX,広島県広島市,広島のサウナ好きには定番の施設。清潔感があり、シンプルで分かりやすい設計なので、初めてでも迷わず利用できる。,高い (約100℃),普通 (約16℃),多数,豊富,"1,800円〜",24時間営業,なし,身体,,
クアパーク湯の華,広島県福山市,広々とした空間に、温泉とサウナが充実。色々な種類のお風呂とサウナを試しながら、自分のペースで楽しみたい初心者におすすめ。,普通 (約85℃),普通 (約17℃),多数,豊富,"1,000円〜",10:00〜23:00,なし,心,,
サウナサン,岡山県岡山市,サウナ愛好家にとって「聖地」と呼ばれる施設の一つ。高い温度のサウナだが、水風呂が柔らかいので、初心者でも挑戦しやすい。食事も絶品。,高い (約110℃),普通 (約16℃),多数,豊富,"1,600円〜",10:00〜24:00,不定休,感覚的,,
鷲羽山温泉 鷲羽ハイランドホテル,岡山県倉敷市,ホテル内のスパで、瀬戸内海を一望できる露天風呂とサウナが楽しめる。非日常的な空間で、リラックスしてサウナを体験したい初心者におすすめ。,普通 (約80℃),普通 (約18℃),多数,豊富,"1,500円〜 (日帰り)",12:00〜22:00,不定休,感覚的,,
天然温泉 鳴門天然温泉 あらたえの湯,徳島県鳴門市,広々とした空間に、本格的なサウナと豊富な種類の温泉がある。清潔感があり、初心者でもゆったりと過ごせる。,普通 (約85℃),普通 (約16℃),多数,豊富,800円〜,9:00〜24:00,不定休,身体,,
喜助の湯,愛媛県松山市,鉄道駅に併設されており、アクセスが非常に良い。タオルやアメニティも充実しており、手ぶらで気軽に立ち寄れるのが初心者には嬉しい。,普通〜高い (複数種類),普通 (約16℃),多数,豊富,800円〜,5:00〜25:00,なし,感覚的,,
天然温泉 満天の星,愛媛県東温市,温泉とサウナが楽しめる、落ち着いた雰囲気の施設。温度設定がマイルドなサウナもあり、初心者でも安心してととのうことができる。,普通 (約80℃),普通 (約18℃),多数,豊富,700円〜,10:00〜23:00,なし,心,,
レフ松山,愛媛県松山市,ホテルに併設されたモダンなサウナ。人が少なく、静かに自分のペースでサウナを楽しみたい初心者におすすめ。,普通 (約85℃),普通 (約16℃),少数,軽食、ドリンク,"1,500円〜",6:00〜24:00,なし,心,,
湯らっくす,熊本県熊本市,九州を代表する「サウナの聖地」。サウナ室の温度設定や、水風呂の種類が豊富で、初心者から上級者まで楽しめる。,普通〜高い (複数種類),シングル〜普通 (複数種類),多数,豊富,"1,800円〜",24時間営業,不定休,身体,,
アゴーラ福岡山の上ホテル＆スパ,福岡県福岡市,ホテル内のスパで、清潔感が抜群。静かで落ち着いた雰囲気なので、リラックスしてサウナ体験をしたい初心者におすすめ。,普通 (約85℃),普通 (約16℃),多数,豊富,"3,300円〜",9:00〜22:00,なし,心,,
ザ・ニューカプセルホテル オリエント,福岡県福岡市,福岡の中心地にある定番のサウナ。質の高いサウナと水風呂を、手頃な価格で体験できるため、コスパを重視する初心者におすすめ。,高い (約95℃),普通 (約16℃),多数,豊富,"1,500円〜",24時間営業,不定休,身体,,
サウナ＆カプセルホテル スパランド レフイン,長崎県佐世保市,複数のサウナと、深めの水風呂がある。水風呂に慣れていない初心者でも、腰掛けられるスペースがあり安心。,普通〜高い (複数種類),普通 (約15℃),多数,豊富,"1,500円〜",24時間営業,不定休,感覚的,,
琉球温泉 瀬長島ホテル 龍神の湯,豊見城市,絶景のオーシャンビューサウナで、非日常的な体験ができる。露天風呂も充実しており、初心者でも無理なくリラックスして楽しめる。,普通 (約85℃),普通 (約16℃),多数,豊富,"1,500円〜",6:00〜24:00,なし,感覚的,,
ロワジールホテル 那覇,那覇市,ホテル内のスパで、清潔感が抜群。人が少なく落ち着いた雰囲気で、自分のペースでサウナを楽しみたい初心者におすすめ。,普通 (約80℃),普通 (約17℃),少数,豊富 (ホテル内レストラン),"1,500円〜",6:00〜23:00,なし,心,,
スパロイヤル沖縄,豊見城市,種類豊富な温泉とサウナが楽しめる大型施設。岩盤浴やリラックスルームも充実しており、サウナ以外の楽しみも多い。,普通〜高い (複数種類),普通〜ぬるめ (複数種類),多数,豊富,900円〜,9:00〜24:00,不定休,身体,,
ユインチホテル南城,南城市,丘の上にあるホテルで、太平洋を一望できる。温泉も充実しており、サウナ初心者でも景色に癒されながら、ゆっくりと過ごせる。,普通 (約80℃),普通 (約18℃),多数,豊富,"1,500円〜 (日帰り)",10:00〜22:00,なし,心,,
かるまる 池袋店,豊島区,初心者からヘビーユーザーまで満足できる4種のサウナを完備。忙しい現代人が大都会の喧騒を忘れ、ゆっくりと時が流れるのを感じる【自分の居場所】を提供。多彩な温度帯とスタイルで初心者にも安心。,普通（80°C),冷ため、冷ため、普通、ぬるめ（４種類）,少数,豊富,3480円~,11:00~翌10:00,なし,心,,
The Sauna（ザ・サウナ） by LAMP,長野県上水内郡,"自然の中で本格薪サウナ。季節によって、目の前に広がる""野尻湖""に水風呂代わりにダイブできる。宿泊施設も併設されており、旅行や週末の小旅行にもおすすめの非日常体験が楽しめる。",高い(約90°C),冷ため (約12℃),多数,豊富,3500円〜,8:30〜22:30,火曜日,心,,
JFA夢フィールド幕張温泉　湯楽の里,千葉県千葉市,海と風を感じる、極上の「非日常外気浴」サウナ。,普通(約80°C）,普通(約18°C),13,豊富,1200円〜,9:00~24:00,なし,感覚的,,
十和田サウナ,青森県十和田市,美しい渓流の自然水で、心身が浄化される「静寂のサウナ」。,高い(約90°C),普通(ぬるめ21°C),少数,豊富,33000円〜,9:00~17:00,なし,感覚的,,
金浦温泉・学校の栖,秋田県にかほ市,レトロな旧校舎の雰囲気で、ノスタルジーに浸る温泉サウナ。,高い(約98°C),普通(約19°C),多数,豊富,500円〜,6:00〜20:30,なし,感覚的,,
SHONAI HOTEL SUIDEN TERRASSE / スイデンテラス　,山形県鶴岡市,水田に囲まれた空間で、「アートのように整う」洗練されたサウナ。,高い(約95°C),普通(約16°C),少数,豊富,4750円〜,6:00〜24:00,なし,感覚的,,
都湯-ZEZE-　,滋賀県大津市,高熱とマイルドな水風呂で、初めてでも「本格的なととのい」体験。,高い(約115°C),普通(約18°C),少数,豊富,"600円 〜
",15:00~24:00,木曜日,身体,,
富士山天然水SPA サウナ鷹の湯,静岡県富士市,富士山の天然水を使った、驚くほど「柔らかな水風呂」が自慢。,高い(約95°C),普通 (約15℃),多数,豊富,1100円〜,9:00~23:00,なし,身体,,
金城温泉元湯,石川県金沢市,地元民に愛される、気負わず入れる「町の銭湯サウナ」。,高い(約95°C),普通 (約16℃),多数,軽食,680円〜,6:00〜23:00,火曜日,身体,,
ゆけむり温泉 ゆ〜遊,福井県福井市,充実したロウリュと温泉で、長時間ゆったりと「発汗とリラックス」。,高い(約95°C),普通(約16°C),多数,豊富,1300円〜,24時間営業,なし,身体,,
大阪サウナDESSE,大阪府大阪市,個性豊かなサウナが詰まった、「サウナの遊園地」で楽しむ。,普通(約85°C）,普通(約15.8°C),多数,豊富,1900円〜,11:00〜翌09:00,なし,身体,,
なにわ健康ランド 湯〜トピア　,大阪府東大阪市,ウィスキングもあり、サウナ初心者から熟練者まで「深く癒やされる」。,高い(約90°C),普通 (約14℃),多数,豊富,"1,380円〜",24時間営業,なし,感覚,,
ホテルマウント富士,山梨県,雄大な富士山を眺めながら、最高の景色で「ととのう外気浴」。,高い(約92°C),普通 (約16℃),多数,豊富,2500円〜,"6:00〜11:00, 14:00〜24:00",なし,身体,,
CYCL,山梨県,日常を離れ、静かに「自分の思考を整理する」個室サウナ。,高い(約94°C),低い (約11℃),多数,軽食、ドリンク,"3,960円〜",10:00〜19:00,水曜日,身体,,
余熱館 ささおか,福井県,熱めのサウナと温泉で、芯から温まり「心身をリセット」。,高い(約114°C),ぬるめ(約21℃),多数,豊富,500円〜,10:00〜23:00,第3月曜日,身体,,
SAUNA グリンピア,高知県,薄暗い空間で、静寂の中「ロウリュの熱波に集中する」。,普通 (約88℃),普通 (約14℃),多数,軽食、ドリンク,"2,000円〜",14:00〜22:00,火曜日,身体,,
本川サウナ ニジュマル,高知県,大自然の清流が水風呂代わり、究極の「川サウナ」体験。,高い(約110°C),普通 (約17℃),少数,軽食,3500円〜,9:00~16:00,"火曜日, 水曜日, 木曜日, 金曜日",感覚的,,
琴弾廻廊,香川県観音寺市,香りとスチームサウナで、「リラックスと美肌」を同時に実現。,高い(約95°C),ぬるめ(約22℃),多数,豊富,950円〜,11:00〜23:00,なし,感覚的,,
ゴールデンタイム高松,香川県高松市,サプライズなロウリュイベントで、「熱波の楽しさ」を体感。,高い(約100°C)　,低い (約8℃),多数,豊富,1100円〜,24時間営業,なし,身体,,
CITY SPA てんくう,大分県大分市,大分の夜景を一望しながら、「贅沢に整う」空中サウナ。,高い(約90°C)　,普通 (約15℃),多数,豊富,1800円〜,"6:00〜09:30, 11:00〜24:00",なし,感覚的,,
ひょうたん温泉,大分県別府市,スチームと岩盤浴で、サウナが苦手でも「じっくり発汗デトックス」。,低い(約60°C)　,普通 (約20℃),多数,豊富,780円〜,9:00〜翌01:00,なし,身体的,,
ニューニシノサウナ&天然温泉,鹿児島県鹿児島市,古き良き温かさの中で、「マニアックなサウナの魅力」を知る。,普通(約86°C）,普通 (約15℃),少数,豊富,"2,200円〜",7:00〜24:00,なし,身体的,,
天然温泉ぬくもりの湯,鹿児島県出水市,温泉とサウナの動線が良く、「初心者でも迷わない」王道施設。,普通(約85°C）　,ぬるめ(約20℃),多数,豊富,460円〜(日帰り料金),8:00〜22:00,なし,身体的,,
極楽湯 宮崎店,宮崎県宮崎市,温度もちょうどよく、オートロウリュで「全身リフレッシュ」できる王道施設。,高い(約94°C)　,普通 (約16℃),多数,豊富,800円〜,9:00〜翌01:00,なし,身体的,,
こばやし温泉 美人の湯,宮崎県小林市,"打ち水とログハウスサウナで、初心者でも「アットホームにロウリュ」に挑戦！
",高い(約96°C),普通 (約18℃),多数,豊富,500円〜,11:00〜21:00,第4月曜日,感覚的,,
毎日サウナ 前橋本店,群馬県前橋市,"良質なサウナにこだわり抜いた、「サウナ好きの入口」となる場所。
",高い(約100°C),普通 (約15.5℃),多数,豊富,"1,100円〜",15:00〜24:00,なし,身体的,,
【整処】サウナ薪,群馬県みどり市,薪ストーブの優しい熱で、アロマの香りに包まれながらじっくり癒される。,高い(約94°C),普通 (約13.6℃),多数,軽食、ドリンク　,1000円〜,15:00〜24:00,なし,感覚的,,
Snow Peak FIELD SUITE SPA HEADQUARTERS,新潟県三条市,焚き火のような心地よい熱で、「自然と一体になる」贅沢なサウナデビュー。,高い(約90°C)　,普通 (約13℃),多数,豊富,"1,800円〜",10:00〜21:00,なし,感覚的,,
サウナと天然温泉 じょんのび館,新潟県新潟市,初心者も入れる下段とマイルドな水風呂で、「ゆっくり発汗」できる王道。,高い(約108°C),普通 (約16℃),多数,豊富,880円〜,10:00〜22:00,"第1水曜日, 第3水曜日",身体的,,
四季荘,島根県出雲市,セパレート式のプライベート感あるサウナで、「一人で静かに整う」。,高い(約90°C),普通 (約15.9℃),多数,豊富,1480円〜,"6:00〜09:00, 10:00〜21:30",なし,感覚的,,
suomi SAUNA ~宍道湖畔のサウナ~,島根県,宍道湖の絶景を眺めながら、非日常の「水着サウナ」を満喫。,高い(約95°C),ぬるめ(約24℃),多数,少ない,1650円〜,24時間営業,なし,心,,
ひたちなか温泉 喜楽里別邸,茨城県ひたちなか市,深めの水風呂と豊富な休憩スペースで、「ストレスなく深く整う」。,高い(約95°C)　,普通 (約15℃),多数,豊富, 990円〜,8:00〜23:00,なし,身体,,
ひづめゆ,岩手県紫波郡,肩までしっかり浸かれる広くて深い水風呂で、「最高の爽快感」を体験。,高い(約100°C),ぬるめ(約20℃),多数,軽食、ドリンク　,900円〜,10:00〜22:00,第1月曜日,身体,,
LAKE SIDE HOTELみなとや(MINATOYA SAUNA),福島県耶麻郡,目の前の猪苗代湖にダイブ！究極の「自然水風呂」でシャキッと覚醒。,高い(約100°C),ぬるめ(約20℃,多数,豊富,"4,500円〜",24時間営業,なし,身体,,
SASAUNA Sakura Sauna & Spa Kyoto (サクラクロスホテル京都清水),京都府京都市,京都の静かな空間で、「心身をリセット」する個室サウナ。,高い(約110°C),低い (約9.7℃),多数,豊富,1500円〜（ドリンク飲み放題付）,"8:00〜10:00, 16:00〜21:00",なし,感覚的,,
SPAキセラ川西,兵庫県,バレルサウナ無料コワーキングスペース無料,高い(約90°C),普通 (約16℃),多数,豊富,850円,10:00〜翌01:00,なし,身体,,
温泉カフェ あがんなっせ(旧 菊南温泉スパリゾート あがんなっせ),熊本県熊本市,岩盤浴やカフェもあり、サウナが苦手でも「一日中楽しめる複合施設」。,高い(約90°C),普通 (約16℃),多数,豊富,800円〜,10:00〜24:00,なし,身体,,
黒沢温泉 悠湯の郷 ゆさ & おふろcafé yusa,山形県,景色が抜群の露天エリアで、「低温サウナと景色」に癒やされる。,高い(約90°C), ぬるめ (約20℃),少数,豊富,"1,408 円〜",10:30〜22:00,なし,感覚的,,
林檎の湯屋 おぶ～,長野県松本市,優しく丁寧なアウフグースで、「熱波の気持ちよさ」に安心して感動。,高い(約96°C),普通 (約16℃),多数,豊富,800円〜,9:00〜23:00,なし,身体,,
徳島天然温泉 あらたえの湯,徳島県徳島市,(鳴門の湯として）広々とした空間と豊富な温泉で、「無理なく身体を癒やす」。(,高い(約90°C),普通 (約16.5℃),多数,豊富,800円〜,8:00〜翌01:00,なし,身体,,
ONSEN&SAUNA YUKULU,長崎県長崎市,アロマ香るプレミアムサウナで、「息苦しさを感じず」心地よく発汗。,高い(約93°C),普通 (約14℃,多数,豊富,700円〜,7:00〜23:00,なし,感覚的,,
大鰐町地域交流センター 鰐come(ワニカム),青森県南津軽郡,日本唯一のアルパインサウナと天然水の水風呂で、「珍しい体験」に挑戦。,普通(約88°C）　,ぬるめ(約20℃),少数,豊富,550円〜,9:00〜22:00,なし,心,,
金浦温泉・学校の栖,秋田県にかほ市,,高い(約98°C),普通 (約19℃),多数,豊富,600円〜,6:00〜20:30,第2水曜日,心,,